{"mean":{"confidence_interval":{"confidence_level":0.95,"lower_bound":584.1761073362331,"upper_bound":584.339299646547},"point_estimate":584.2571885398268,"standard_error":0.04176179849768658},"median":{"confidence_interval":{"confidence_level":0.95,"lower_bound":584.1364117871586,"upper_bound":584.3778206855482},"point_estimate":584.2482358825573,"standard_error":0.05829723675805681},"median_abs_dev":{"confidence_interval":{"confidence_level":0.95,"lower_bound":0.04375414098293816,"upper_bound":0.2404026106594134},"point_estimate":0.16073063061405124,"standard_error":0.05232837022643549},"slope":{"confidence_interval":{"confidence_level":0.95,"lower_bound":584.2158742023823,"upper_bound":584.3194470548437},"point_estimate":584.2603397914438,"standard_error":0.026203408089117888},"std_dev":{"confidence_interval":{"confidence_level":0.95,"lower_bound":0.08217663073279313,"upper_bound":0.17248389177809845},"point_estimate":0.13972153922956132,"standard_error":0.023194952351185814}}