{"mean":{"confidence_interval":{"confidence_level":0.95,"lower_bound":1384.497605453442,"upper_bound":1385.053436046448},"point_estimate":1384.7795516335104,"standard_error":0.1433432828114297},"median":{"confidence_interval":{"confidence_level":0.95,"lower_bound":1384.3686264175356,"upper_bound":1385.2166855248581},"point_estimate":1384.7958302980223,"standard_error":0.22679119934951036},"median_abs_dev":{"confidence_interval":{"confidence_level":0.95,"lower_bound":0.05338658098400181,"upper_bound":0.8682303914663099},"point_estimate":0.4242320959391123,"standard_error":0.1945769260586757},"slope":{"confidence_interval":{"confidence_level":0.95,"lower_bound":1384.4913447663012,"upper_bound":1385.2042634649224},"point_estimate":1384.9036375695239,"standard_error":0.18292431071366394},"std_dev":{"confidence_interval":{"confidence_level":0.95,"lower_bound":0.29221285263611085,"upper_bound":0.5840511027758875},"point_estimate":0.4771684188293981,"standard_error":0.07526310562682353}}